<?xml version='1.0'?>
<home version='7400' exportFlags='17' name='parking_2.sh3d' camera='topCamera' selectedLevel='level-c9370185-3d2f-44c7-b100-570a82755239' wallHeight='250.0'>
  <environment groundColor='00A8A8A8' skyColor='00CCE4FC' lightColor='00D0D0D0'/>
  <observerCamera attribute='observerCamera' lens='PINHOLE' x='50.0' y='50.0' z='170.0' yaw='5.4977875' pitch='0.19634955' fieldOfView='1.0995575' time='1759492800000'/>
  <camera attribute='topCamera' lens='PINHOLE' x='3056.2722' y='2866.979' z='2647.2686' yaw='8.703424' pitch='0.74579716' fieldOfView='1.0995575' time='1759492800000'/>
  <level id='level-c9370185-3d2f-44c7-b100-570a82755239' name='樓層 0' elevation='0.0' floorThickness='12.0' height='250.0' elevationIndex='0'/>
  <pieceOfFurniture level='level-c9370185-3d2f-44c7-b100-570a82755239' name='4x4' model='2/4x4.obj' x='956.679' y='396.33966' width='186.40001' depth='381.6' height='194.3' modelSize='539826'/>
  <pieceOfFurniture level='level-c9370185-3d2f-44c7-b100-570a82755239' name='renaultKangoo' model='4/renaultKangoo.obj' x='1195.201' y='395.27417' width='203.40001' depth='403.4' height='177.0' modelSize='750267'/>
  <pieceOfFurniture level='level-c9370185-3d2f-44c7-b100-570a82755239' name='renault-scenic' model='6/renault-scenic.obj' x='1441.0635' y='383.66016' width='212.7' depth='426.2' height='196.2' modelSize='308733'/>
  <wall id='wall-d8c1c04b-bd5e-4ab1-9496-464d3beecf4d' level='level-c9370185-3d2f-44c7-b100-570a82755239' wallAtEnd='wall-1c5f736a-3632-4517-ad98-de7613a87090' xStart='149.5' yStart='403.56018' xEnd='149.5' yEnd='631.5602' height='250.0' thickness='14.0' pattern='hatchUp'/>
  <wall id='wall-1c5f736a-3632-4517-ad98-de7613a87090' level='level-c9370185-3d2f-44c7-b100-570a82755239' wallAtStart='wall-d8c1c04b-bd5e-4ab1-9496-464d3beecf4d' wallAtEnd='wall-f277b562-44cc-4ea9-82ed-936f45120f49' xStart='149.5' yStart='631.5602' xEnd='591.5' yEnd='631.5602' height='250.0' thickness='14.0' pattern='hatchUp'/>
  <wall id='wall-f277b562-44cc-4ea9-82ed-936f45120f49' level='level-c9370185-3d2f-44c7-b100-570a82755239' wallAtStart='wall-1c5f736a-3632-4517-ad98-de7613a87090' wallAtEnd='wall-9e888f46-8629-4772-8fd8-bb2a0ee2045c' xStart='591.5' yStart='631.5602' xEnd='591.5' yEnd='841.5602' height='250.0' thickness='14.0' pattern='hatchUp'/>
  <wall id='wall-9e888f46-8629-4772-8fd8-bb2a0ee2045c' level='level-c9370185-3d2f-44c7-b100-570a82755239' wallAtStart='wall-f277b562-44cc-4ea9-82ed-936f45120f49' wallAtEnd='wall-2302aead-d7d7-4827-8247-577594ba0f0e' xStart='591.5' yStart='841.5602' xEnd='149.5' yEnd='841.56024' height='250.0' thickness='14.0' pattern='hatchUp'/>
  <wall id='wall-2302aead-d7d7-4827-8247-577594ba0f0e' level='level-c9370185-3d2f-44c7-b100-570a82755239' wallAtStart='wall-9e888f46-8629-4772-8fd8-bb2a0ee2045c' wallAtEnd='wall-ceb9a900-a70f-4a25-81f5-c84d5da88fa1' xStart='149.5' yStart='841.56024' xEnd='149.5' yEnd='1167.5603' height='250.0' thickness='14.0' pattern='hatchUp'/>
  <wall id='wall-ceb9a900-a70f-4a25-81f5-c84d5da88fa1' level='level-c9370185-3d2f-44c7-b100-570a82755239' wallAtStart='wall-2302aead-d7d7-4827-8247-577594ba0f0e' wallAtEnd='wall-4d45711e-0e61-42e9-936a-05cbad271634' xStart='149.5' yStart='1167.5603' xEnd='197.0' yEnd='1249.8328' height='250.0' thickness='14.0' pattern='hatchUp'/>
  <wall id='wall-4d45711e-0e61-42e9-936a-05cbad271634' level='level-c9370185-3d2f-44c7-b100-570a82755239' wallAtStart='wall-ceb9a900-a70f-4a25-81f5-c84d5da88fa1' wallAtEnd='wall-abad1860-3941-49ea-80a0-65f2b1d84f01' xStart='197.0' yStart='1249.8328' xEnd='922.0' yEnd='1249.8328' height='250.0' thickness='14.0' pattern='hatchUp'/>
  <wall id='wall-abad1860-3941-49ea-80a0-65f2b1d84f01' level='level-c9370185-3d2f-44c7-b100-570a82755239' wallAtStart='wall-4d45711e-0e61-42e9-936a-05cbad271634' wallAtEnd='wall-52aa6341-bb1e-4836-9834-0793c9920fdb' xStart='922.0' yStart='1249.8328' xEnd='922.0' yEnd='1421.8328' height='250.0' thickness='14.0' pattern='hatchUp'/>
  <wall id='wall-52aa6341-bb1e-4836-9834-0793c9920fdb' level='level-c9370185-3d2f-44c7-b100-570a82755239' wallAtStart='wall-abad1860-3941-49ea-80a0-65f2b1d84f01' wallAtEnd='wall-c4b898a3-e8e1-4d04-bed2-f0a00a71517f' xStart='922.0' yStart='1421.8328' xEnd='972.0' yEnd='1421.8328' height='250.0' thickness='14.0' pattern='hatchUp'/>
  <wall id='wall-c4b898a3-e8e1-4d04-bed2-f0a00a71517f' level='level-c9370185-3d2f-44c7-b100-570a82755239' wallAtStart='wall-52aa6341-bb1e-4836-9834-0793c9920fdb' wallAtEnd='wall-d0c0356d-3332-44f3-98d7-e68ce12221f4' xStart='972.0' yStart='1421.8328' xEnd='972.0' yEnd='1597.8328' height='250.0' thickness='14.0' pattern='hatchUp'/>
  <wall id='wall-d0c0356d-3332-44f3-98d7-e68ce12221f4' level='level-c9370185-3d2f-44c7-b100-570a82755239' wallAtStart='wall-c4b898a3-e8e1-4d04-bed2-f0a00a71517f' wallAtEnd='wall-3232b651-e46c-42ff-a163-95b6a3f37572' xStart='972.0' yStart='1597.8328' xEnd='1318.0' yEnd='1597.8328' height='250.0' thickness='14.0' pattern='hatchUp'/>
  <wall id='wall-3232b651-e46c-42ff-a163-95b6a3f37572' level='level-c9370185-3d2f-44c7-b100-570a82755239' wallAtStart='wall-d0c0356d-3332-44f3-98d7-e68ce12221f4' wallAtEnd='wall-50fc3f66-2228-4715-87ba-593160b41ad0' xStart='1318.0' yStart='1597.8328' xEnd='1318.0' yEnd='1379.8328' height='250.0' thickness='14.0' pattern='hatchUp'/>
  <wall id='wall-50fc3f66-2228-4715-87ba-593160b41ad0' level='level-c9370185-3d2f-44c7-b100-570a82755239' wallAtStart='wall-3232b651-e46c-42ff-a163-95b6a3f37572' wallAtEnd='wall-03d0ea22-f9b3-41c7-864f-05f633bb1a36' xStart='1318.0' yStart='1379.8328' xEnd='1618.0' yEnd='1379.8328' height='250.0' thickness='14.0' pattern='hatchUp'/>
  <wall id='wall-03d0ea22-f9b3-41c7-864f-05f633bb1a36' level='level-c9370185-3d2f-44c7-b100-570a82755239' wallAtStart='wall-50fc3f66-2228-4715-87ba-593160b41ad0' wallAtEnd='wall-9bed2824-5b82-4ed2-ac26-f6bb76276894' xStart='1618.0' yStart='1379.8328' xEnd='1618.0' yEnd='1231.8328' height='250.0' thickness='14.0' pattern='hatchUp'/>
  <wall id='wall-9bed2824-5b82-4ed2-ac26-f6bb76276894' level='level-c9370185-3d2f-44c7-b100-570a82755239' wallAtStart='wall-03d0ea22-f9b3-41c7-864f-05f633bb1a36' wallAtEnd='wall-5e005ac7-3721-4bb9-8ea8-d0fbf6827273' xStart='1618.0' yStart='1231.8328' xEnd='2316.0' yEnd='1231.8328' height='250.0' thickness='14.0' pattern='hatchUp'/>
  <wall id='wall-5e005ac7-3721-4bb9-8ea8-d0fbf6827273' level='level-c9370185-3d2f-44c7-b100-570a82755239' wallAtStart='wall-9bed2824-5b82-4ed2-ac26-f6bb76276894' wallAtEnd='wall-2bd35671-3505-4794-8eb2-bce520918774' xStart='2316.0' yStart='1231.8328' xEnd='2316.0' yEnd='901.83276' height='250.0' thickness='14.0' pattern='hatchUp'/>
  <wall id='wall-2bd35671-3505-4794-8eb2-bce520918774' level='level-c9370185-3d2f-44c7-b100-570a82755239' wallAtStart='wall-5e005ac7-3721-4bb9-8ea8-d0fbf6827273' wallAtEnd='wall-7222ca66-7ad5-461e-b561-2f8eceef6f21' xStart='2316.0' yStart='901.83276' xEnd='2364.0' yEnd='901.83276' height='250.0' thickness='14.0' pattern='hatchUp'/>
  <wall id='wall-7222ca66-7ad5-461e-b561-2f8eceef6f21' level='level-c9370185-3d2f-44c7-b100-570a82755239' wallAtStart='wall-2bd35671-3505-4794-8eb2-bce520918774' wallAtEnd='wall-312ae9c7-e492-48dc-a95c-1cd896e4b6d4' xStart='2364.0' yStart='901.83276' xEnd='2364.0' yEnd='821.83276' height='250.0' thickness='14.0' pattern='hatchUp'/>
  <wall id='wall-312ae9c7-e492-48dc-a95c-1cd896e4b6d4' level='level-c9370185-3d2f-44c7-b100-570a82755239' wallAtStart='wall-7222ca66-7ad5-461e-b561-2f8eceef6f21' wallAtEnd='wall-cbde6446-6e0a-4605-a29d-28cd3fff384b' xStart='2364.0' yStart='821.83276' xEnd='2316.0' yEnd='821.83276' height='250.0' thickness='14.0' pattern='hatchUp'/>
  <wall id='wall-cbde6446-6e0a-4605-a29d-28cd3fff384b' level='level-c9370185-3d2f-44c7-b100-570a82755239' wallAtStart='wall-312ae9c7-e492-48dc-a95c-1cd896e4b6d4' wallAtEnd='wall-cbc592a7-7d7d-4171-a4d7-a2c1da591c48' xStart='2316.0' yStart='821.83276' xEnd='2316.0' yEnd='631.5602' height='250.0' thickness='14.0' pattern='hatchUp'/>
  <wall id='wall-cbc592a7-7d7d-4171-a4d7-a2c1da591c48' level='level-c9370185-3d2f-44c7-b100-570a82755239' wallAtStart='wall-cbde6446-6e0a-4605-a29d-28cd3fff384b' wallAtEnd='wall-2c19bca5-08f8-4b87-98a7-1b8421bb2585' xStart='2316.0' yStart='631.5602' xEnd='2351.7393' yEnd='621.9839' height='250.0' thickness='14.0' pattern='hatchUp'/>
  <wall id='wall-2c19bca5-08f8-4b87-98a7-1b8421bb2585' level='level-c9370185-3d2f-44c7-b100-570a82755239' wallAtStart='wall-cbc592a7-7d7d-4171-a4d7-a2c1da591c48' wallAtEnd='wall-b84f983b-e2cd-4da8-8e61-c6a1e3902250' xStart='2351.7393' yStart='621.9839' xEnd='2351.7393' yEnd='403.56018' height='250.0' thickness='14.0' pattern='hatchUp'/>
  <wall id='wall-b84f983b-e2cd-4da8-8e61-c6a1e3902250' level='level-c9370185-3d2f-44c7-b100-570a82755239' wallAtStart='wall-2c19bca5-08f8-4b87-98a7-1b8421bb2585' wallAtEnd='wall-cc0c8752-c654-4f97-83fd-7885699a286e' xStart='2351.7393' yStart='403.56018' xEnd='2489.7393' yEnd='403.56018' height='250.0' thickness='14.0' pattern='hatchUp'/>
  <wall id='wall-cc0c8752-c654-4f97-83fd-7885699a286e' level='level-c9370185-3d2f-44c7-b100-570a82755239' wallAtStart='wall-b84f983b-e2cd-4da8-8e61-c6a1e3902250' wallAtEnd='wall-97041764-c345-4d26-8c33-94c2f968fab9' xStart='2489.7393' yStart='403.56018' xEnd='2489.7393' yEnd='125.56018' height='250.0' thickness='14.0' pattern='hatchUp'/>
  <wall id='wall-97041764-c345-4d26-8c33-94c2f968fab9' level='level-c9370185-3d2f-44c7-b100-570a82755239' wallAtStart='wall-cc0c8752-c654-4f97-83fd-7885699a286e' wallAtEnd='wall-09620a5c-36c2-42ea-a7b6-bd7267db4b3a' xStart='2489.7393' yStart='125.56018' xEnd='2351.7393' yEnd='125.560165' height='250.0' thickness='14.0' pattern='hatchUp'/>
  <wall id='wall-09620a5c-36c2-42ea-a7b6-bd7267db4b3a' level='level-c9370185-3d2f-44c7-b100-570a82755239' wallAtStart='wall-97041764-c345-4d26-8c33-94c2f968fab9' wallAtEnd='wall-a18456fe-2c95-4e68-8218-00fac45be4a8' xStart='2351.7393' yStart='125.560165' xEnd='2351.7393' yEnd='35.560165' height='250.0' thickness='14.0' pattern='hatchUp'/>
  <wall id='wall-a18456fe-2c95-4e68-8218-00fac45be4a8' level='level-c9370185-3d2f-44c7-b100-570a82755239' wallAtStart='wall-09620a5c-36c2-42ea-a7b6-bd7267db4b3a' wallAtEnd='wall-62f1633e-4017-4ff2-ba37-46b1aafd71a3' xStart='2351.7393' yStart='35.560165' xEnd='1571.7393' yEnd='35.560165' height='250.0' thickness='14.0' pattern='hatchUp'/>
  <wall id='wall-62f1633e-4017-4ff2-ba37-46b1aafd71a3' level='level-c9370185-3d2f-44c7-b100-570a82755239' wallAtStart='wall-a18456fe-2c95-4e68-8218-00fac45be4a8' wallAtEnd='wall-761440fe-64a3-4af3-bb51-bc4b8053fbc5' xStart='1571.7393' yStart='35.560165' xEnd='1571.7393' yEnd='163.56017' height='250.0' thickness='14.0' pattern='hatchUp'/>
  <wall id='wall-761440fe-64a3-4af3-bb51-bc4b8053fbc5' level='level-c9370185-3d2f-44c7-b100-570a82755239' wallAtStart='wall-62f1633e-4017-4ff2-ba37-46b1aafd71a3' wallAtEnd='wall-a7f83757-92cc-4dc4-988e-2eb796bc134d' xStart='1571.7393' yStart='163.56017' xEnd='1511.7393' yEnd='163.56017' height='250.0' thickness='14.0' pattern='hatchUp'/>
  <wall id='wall-a7f83757-92cc-4dc4-988e-2eb796bc134d' level='level-c9370185-3d2f-44c7-b100-570a82755239' wallAtStart='wall-761440fe-64a3-4af3-bb51-bc4b8053fbc5' wallAtEnd='wall-8ef61501-014f-4496-88ba-491f8d0b1f8c' xStart='1511.7393' yStart='163.56017' xEnd='1511.7393' yEnd='91.560165' height='250.0' thickness='14.0' pattern='hatchUp'/>
  <wall id='wall-8ef61501-014f-4496-88ba-491f8d0b1f8c' level='level-c9370185-3d2f-44c7-b100-570a82755239' wallAtStart='wall-a7f83757-92cc-4dc4-988e-2eb796bc134d' wallAtEnd='wall-8e8b4cd0-d027-4aaa-a169-e6f94c89fb1d' xStart='1511.7393' yStart='91.560165' xEnd='972.0' yEnd='91.56012' height='250.0' thickness='14.0' pattern='hatchUp'/>
  <wall id='wall-8e8b4cd0-d027-4aaa-a169-e6f94c89fb1d' level='level-c9370185-3d2f-44c7-b100-570a82755239' wallAtStart='wall-8ef61501-014f-4496-88ba-491f8d0b1f8c' wallAtEnd='wall-18935965-c548-4728-aa40-28db065cb5de' xStart='972.0' yStart='91.56012' xEnd='972.0' yEnd='35.560165' height='250.0' thickness='14.0' pattern='hatchUp'/>
  <wall id='wall-18935965-c548-4728-aa40-28db065cb5de' level='level-c9370185-3d2f-44c7-b100-570a82755239' wallAtStart='wall-8e8b4cd0-d027-4aaa-a169-e6f94c89fb1d' wallAtEnd='wall-1e4a181c-b764-4bd5-b091-7cfa8dbc3f5b' xStart='972.0' yStart='35.560165' xEnd='197.0' yEnd='35.560097' height='250.0' thickness='14.0' pattern='hatchUp'/>
  <wall id='wall-1e4a181c-b764-4bd5-b091-7cfa8dbc3f5b' level='level-c9370185-3d2f-44c7-b100-570a82755239' wallAtStart='wall-18935965-c548-4728-aa40-28db065cb5de' wallAtEnd='wall-241905ef-42c2-4ffe-a96e-3b02efe6141e' xStart='197.0' yStart='35.560097' xEnd='149.5' yEnd='62.984238' height='250.0' thickness='14.0' pattern='hatchUp'/>
  <wall id='wall-241905ef-42c2-4ffe-a96e-3b02efe6141e' level='level-c9370185-3d2f-44c7-b100-570a82755239' wallAtStart='wall-1e4a181c-b764-4bd5-b091-7cfa8dbc3f5b' wallAtEnd='wall-9ac281a3-767f-4f3e-9c35-5d5cd7699b5d' xStart='149.5' yStart='62.984238' xEnd='149.5' yEnd='125.56018' height='250.0' thickness='14.0' pattern='hatchUp'/>
  <wall id='wall-9ac281a3-767f-4f3e-9c35-5d5cd7699b5d' level='level-c9370185-3d2f-44c7-b100-570a82755239' wallAtStart='wall-241905ef-42c2-4ffe-a96e-3b02efe6141e' wallAtEnd='wall-631ee0f2-6ab1-41b5-a394-950ce8f00f62' xStart='149.5' yStart='125.56018' xEnd='16.5' yEnd='125.56018' height='250.0' thickness='14.0' pattern='hatchUp'/>
  <wall id='wall-631ee0f2-6ab1-41b5-a394-950ce8f00f62' level='level-c9370185-3d2f-44c7-b100-570a82755239' wallAtStart='wall-9ac281a3-767f-4f3e-9c35-5d5cd7699b5d' wallAtEnd='wall-53457c55-70dc-4e8a-bc67-f6715c4961b1' xStart='16.5' yStart='125.56018' xEnd='16.499989' yEnd='403.56018' height='250.0' thickness='14.0' pattern='hatchUp'/>
  <wall id='wall-53457c55-70dc-4e8a-bc67-f6715c4961b1' level='level-c9370185-3d2f-44c7-b100-570a82755239' wallAtStart='wall-631ee0f2-6ab1-41b5-a394-950ce8f00f62' xStart='16.499989' yStart='403.56018' xEnd='149.5' yEnd='403.56018' height='250.0' thickness='14.0' pattern='hatchUp'/>
</home>